{"cameraMode":{"drawMode":0,"name":"Shaded","section":"Shading Mode"},"sceneLighting":false,"audioPlay":false,"sceneViewState":{"m_AlwaysRefresh":false,"showFog":true,"showSkybox":false,"showFlares":true,"showImageEffects":true,"showParticleSystems":true,"showVisualEffectGraphs":true,"m_FxEnabled":true},"in2DMode":false,"pivot":{"x":-0.26529598236083987,"y":0.22393573820590974,"z":0.012862324714660645},"rotation":{"x":-0.02508825995028019,"y":-0.9207970499992371,"z":0.06002716347575188,"w":-0.3846493065357208},"size":0.8790651559829712,"orthographic":false}